Month, Interest Accrued ($), Amount Remaining ($)
0,0,0
1,5864.427430555556,1005330.4166666667
2,11760.130340567131,1010691.9274305557
3,17687.29117033155,1016084.7136739006
4,23646.09342438071,1021508.9578369984
5,29636.7216776896,1026964.8434243809
6,35659.361581920566,1032452.5550110231
7,41714.199871704,1037972.2782485874
8,47801.4243709556,1043524.1998717042
9,53921.22399923062,1049108.5077042892
10,60073.78877811502,1054725.3906658976
11,66259.30983765403,1060375.0387781153
12,72477.97942281813,1066057.6431709877
13,78729.99090000679,1071773.3960894851
14,85015.53876359016,1077522.490900007
15,91334.81864248888,1083305.1220969239
16,97688.0273067923,1089121.485309156
17,104075.36267441526,1094971.7773067926
18,110497.02381779379,1100856.1960077488
19,116953.21097061981,1106774.9404844607
20,123444.1255346151,1112728.2109706202
21,129969.97008634481,1118716.2088679487
22,136530.9483840707,1124739.1367530117
23,143127.26537464446,1130797.198384071
24,149759.127200441,1136890.5987079781
25,156426.74120633246,1143019.543867108
26,163130.31594670273,1149184.2412063328
27,169870.06119250294,1155384.8992800363
28,176646.1879383481,1161621.72785917
29,183458.90840965512,1167894.9379383484
30,190308.43606982255,1174204.7417429888
31,197194.9856274521,1180551.3527364896
32,204118.77304361222,1186934.9856274526
33,211080.0155391444,1193355.8563769462
34,218078.93160201164,1199814.1822058118
35,225115.74099469004,1206310.1816020124
36,232190.66476160352,1212844.0743280242
37,239303.92523660176,1219416.081428271
38,246455.74605048195,1226026.4252366025
39,253646.3521385542,1232675.329383816
40,260875.96974825134,1239363.0188052217
41,268144.8264467828,1246089.719748252
42,275453.1511288335,1252855.659780117
43,282801.1740243072,1259661.067795501
44,290189.12670611567,1266506.174024308
45,297617.2420980125,1273391.2100394499
46,305085.75448247313,1280316.40876468
47,312594.8995086209,1287282.004482474
48,320144.91420019895,1294288.232841955
49,327736.036963589,1301335.3308668665
50,335368.50759587664,1308423.53696359
51,343042.5672929637,1315553.090929211
52,350758.4586577282,1322724.2339596313
53,358516.42570823163,1329937.2086577292
54,366316.7138859741,1337192.259041566
55,374159.5700641978,1344489.6305526418
56,382045.24255623895,1351829.570064199
57,389973.98112392816,1359212.3258895734
58,397946.03698603995,1366638.147790596
59,405961.6628267919,1374107.286986041
60,414021.1128043926,1381619.9961601263
